Assessment Name,URL,Test Types,Adaptive,Remote,Description,Job Levels,Languages,Assessment Length,Cleaned Description,Text for Embedding
Account Manager Solution,https://www.shl.com/solutions/products/product-catalog/view/account-manager-solution/,"Competencies, Personality & Behavior, Ability & Aptitude, Biodata & Situational Judgement",False,False,"The Account Manager solution is an assessment used for job candidates applying to mid-level leadership positions that tend to manage the day-to-day operations and activities of client accounts. Sample tasks for these jobs include, but are not limited to: communicating with clients about project status, developing and maintaining project plans, coordinating internally with appropriate project personnel, and ensuring client expectations are being met. Potential job titles that use this solution are: Account Executive, Account Manager, and Senior Account Manager. There are multiple configurations of this solution available.","Mid-Professional,","English (USA),",49,"the account manager solution is an assessment used for job candidates applying to mid-level leadership positions that tend to manage the day-to-day operations and activities of client accounts. sample tasks for these jobs include, but are not limited to: communicating with clients about project status, developing and maintaining project plans, coordinating internally with appropriate project personnel, and ensuring client expectations are being met. potential job titles that use this solution are: account executive, account manager, and senior account manager. there are multiple configurations of this solution available.","Account Manager Solution. the account manager solution is an assessment used for job candidates applying to mid-level leadership positions that tend to manage the day-to-day operations and activities of client accounts. sample tasks for these jobs include, but are not limited to: communicating with clients about project status, developing and maintaining project plans, coordinating internally with appropriate project personnel, and ensuring client expectations are being met. potential job titles that use this solution are: account executive, account manager, and senior account manager. there are multiple configurations of this solution available.. Duration: 49 mins. Test Type: Competencies, Personality & Behavior, Ability & Aptitude, Biodata & Situational Judgement"
Administrative Professional - Short Form,https://www.shl.com/solutions/products/product-catalog/view/administrative-professional-short-form/,"Ability & Aptitude, Knowledge & Skills, Personality & Behavior",False,False,"The Administrative Professional solution is for entry to mid-level positions that involve routine clerical and administrative functions in addition to office management functions and customer service. Sample tasks for this job include, but are not limited to: arranging conference calls; drafting correspondence; scheduling meetings; greeting visitors; coordinating office activities. Potential job titles that use this solution are: Administrative Assistant, Secretary, Office Manager, Administrative Aide, and Administrative Associate.","Entry-Level,","English (USA),",36,"the administrative professional solution is for entry to mid-level positions that involve routine clerical and administrative functions in addition to office management functions and customer service. sample tasks for this job include, but are not limited to: arranging conference calls; drafting correspondence; scheduling meetings; greeting visitors; coordinating office activities. potential job titles that use this solution are: administrative assistant, secretary, office manager, administrative aide, and administrative associate.","Administrative Professional - Short Form. the administrative professional solution is for entry to mid-level positions that involve routine clerical and administrative functions in addition to office management functions and customer service. sample tasks for this job include, but are not limited to: arranging conference calls; drafting correspondence; scheduling meetings; greeting visitors; coordinating office activities. potential job titles that use this solution are: administrative assistant, secretary, office manager, administrative aide, and administrative associate.. Duration: 36 mins. Test Type: Ability & Aptitude, Knowledge & Skills, Personality & Behavior"
Agency Manager Solution,https://www.shl.com/solutions/products/product-catalog/view/agency-manager-solution/,"Ability & Aptitude, Biodata & Situational Judgement, Personality & Behavior, Simulations",False,False,"The Agency Manager solution is for mid-level sales management positions that include front line management and sales responsibilities. Sample tasks for this job include, but are not limited to: directing and coordinating financial activities of workers in a branch, office, or department of an establishment, such as branch bank, brokerage firm, risk and insurance department, or credit department. Potential job titles that use this solution are: Agency Manager, Brokerage Manager. Multiple configurations of this solution are available.","Front Line Manager, Manager, Supervisor,","English (USA),",51,"the agency manager solution is for mid-level sales management positions that include front line management and sales responsibilities. sample tasks for this job include, but are not limited to: directing and coordinating financial activities of workers in a branch, office, or department of an establishment, such as branch bank, brokerage firm, risk and insurance department, or credit department. potential job titles that use this solution are: agency manager, brokerage manager. multiple configurations of this solution are available.","Agency Manager Solution. the agency manager solution is for mid-level sales management positions that include front line management and sales responsibilities. sample tasks for this job include, but are not limited to: directing and coordinating financial activities of workers in a branch, office, or department of an establishment, such as branch bank, brokerage firm, risk and insurance department, or credit department. potential job titles that use this solution are: agency manager, brokerage manager. multiple configurations of this solution are available.. Duration: 51 mins. Test Type: Ability & Aptitude, Biodata & Situational Judgement, Personality & Behavior, Simulations"
Apprentice + 8.0 Job Focused Assessment,https://www.shl.com/solutions/products/product-catalog/view/apprentice-8-0-job-focused-assessment-4261/,"Biodata & Situational Judgement, Personality & Behavior",False,False,"The Apprentice + 8.0 Job-Focused Assessment is a short, targeted, globally applicable assessment which includes a short cognitive ability measure. This assessment is designed for entry-level positions appropriate for countries and industries that use an apprenticeship model. It is intended to be used multi-nationally for organisations whose business spans across regions.","General Population, Graduate, Entry-Level,","English International, German,",30,"the apprentice + 8.0 job-focused assessment is a short, targeted, globally applicable assessment which includes a short cognitive ability measure. this assessment is designed for entry-level positions appropriate for countries and industries that use an apprenticeship model. it is intended to be used multi-nationally for organisations whose business spans across regions.","Apprentice + 8.0 Job Focused Assessment. the apprentice + 8.0 job-focused assessment is a short, targeted, globally applicable assessment which includes a short cognitive ability measure. this assessment is designed for entry-level positions appropriate for countries and industries that use an apprenticeship model. it is intended to be used multi-nationally for organisations whose business spans across regions.. Duration: 30 mins. Test Type: Biodata & Situational Judgement, Personality & Behavior"
Apprentice 8.0 Job Focused Assessment,https://www.shl.com/solutions/products/product-catalog/view/apprentice-8-0-job-focused-assessment/,"Biodata & Situational Judgement, Personality & Behavior",False,False,"The Apprentice 8.0 Job-Focused Assessment is a short, targeted, globally applicable assessment. This assessment is designed for entry-level positions appropriate for countries and industries that use an apprenticeship model. It is intended to be used multi-nationally for organizations whose business spans across regions.","Entry-Level, General Population, Graduate,","English International, German, French,",20,"the apprentice 8.0 job-focused assessment is a short, targeted, globally applicable assessment. this assessment is designed for entry-level positions appropriate for countries and industries that use an apprenticeship model. it is intended to be used multi-nationally for organizations whose business spans across regions.","Apprentice 8.0 Job Focused Assessment. the apprentice 8.0 job-focused assessment is a short, targeted, globally applicable assessment. this assessment is designed for entry-level positions appropriate for countries and industries that use an apprenticeship model. it is intended to be used multi-nationally for organizations whose business spans across regions.. Duration: 20 mins. Test Type: Biodata & Situational Judgement, Personality & Behavior"
Bank Administrative Assistant - Short Form,https://www.shl.com/solutions/products/product-catalog/view/bank-administrative-assistant-short-form/,"Ability & Aptitude, Biodata & Situational Judgement, Knowledge & Skills, Personality & Behavior",False,False,"The Administrative Assistant solution is for entry-level clerical positions that interact with external or internal customers. Sample tasks for these jobs include, but are not limited to: answering telephones, managing files and records, sorting mail, greeting customers, and collaborating with co-workers on projects. Potential job titles that use this solution are: Receptionist and Administrative Assistant. There are multiple configurations of this solution available.","Entry-Level,","English (USA),",35,"the administrative assistant solution is for entry-level clerical positions that interact with external or internal customers. sample tasks for these jobs include, but are not limited to: answering telephones, managing files and records, sorting mail, greeting customers, and collaborating with co-workers on projects. potential job titles that use this solution are: receptionist and administrative assistant. there are multiple configurations of this solution available.","Bank Administrative Assistant - Short Form. the administrative assistant solution is for entry-level clerical positions that interact with external or internal customers. sample tasks for these jobs include, but are not limited to: answering telephones, managing files and records, sorting mail, greeting customers, and collaborating with co-workers on projects. potential job titles that use this solution are: receptionist and administrative assistant. there are multiple configurations of this solution available.. Duration: 35 mins. Test Type: Ability & Aptitude, Biodata & Situational Judgement, Knowledge & Skills, Personality & Behavior"
Bank Collections Agent - Short Form,https://www.shl.com/solutions/products/product-catalog/view/bank-collections-agent-short-form/,"Ability & Aptitude, Biodata & Situational Judgement, Personality & Behavior",False,False,"This solution is for entry-level collections positions in an inbound or outbound call center environment in a financial setting. Candidates answer multiple choice questions to measure achievement orientation, dependability, collector numerical skills, revenue recovery, customer focus, and persistence and planfulness. There are multiple configurations and versions of this solution available.","Entry-Level,","English (USA),",45,"this solution is for entry-level collections positions in an inbound or outbound call center environment in a financial setting. candidates answer multiple choice questions to measure achievement orientation, dependability, collector numerical skills, revenue recovery, customer focus, and persistence and planfulness. there are multiple configurations and versions of this solution available.","Bank Collections Agent - Short Form. this solution is for entry-level collections positions in an inbound or outbound call center environment in a financial setting. candidates answer multiple choice questions to measure achievement orientation, dependability, collector numerical skills, revenue recovery, customer focus, and persistence and planfulness. there are multiple configurations and versions of this solution available.. Duration: 45 mins. Test Type: Ability & Aptitude, Biodata & Situational Judgement, Personality & Behavior"
Bank Operations Supervisor - Short Form,https://www.shl.com/solutions/products/product-catalog/view/bank-operations-supervisor-short-form/,"Ability & Aptitude, Biodata & Situational Judgement, Personality & Behavior, Simulations",False,False,"The Bank Operations Supervisor solution is for job candidates applying to entry-level leadership positions who tend to supervise hourly employees. Sample tasks for these jobs include, but are not limited to: planning and preparing work schedules, assigning employees to specific duties; coaching employees on attendance, conduct, schedule adherence, and work tasks, developing employees' skills ; training subordinates; prioritizing multiple tasks and priorities; and making day-to-day decisions with minimal guidance from others. Potential job titles that use this solution are: Team Leader, First Line Supervisor, Processing Supervisor, Call Center Supervisor, and Customer Service Supervisor. There are multiple configurations and versions of this solution available.","Front Line Manager, Manager, Supervisor,","English (USA),",45,"the bank operations supervisor solution is for job candidates applying to entry-level leadership positions who tend to supervise hourly employees. sample tasks for these jobs include, but are not limited to: planning and preparing work schedules, assigning employees to specific duties; coaching employees on attendance, conduct, schedule adherence, and work tasks, developing employees' skills ; training subordinates; prioritizing multiple tasks and priorities; and making day-to-day decisions with minimal guidance from others. potential job titles that use this solution are: team leader, first line supervisor, processing supervisor, call center supervisor, and customer service supervisor. there are multiple configurations and versions of this solution available.","Bank Operations Supervisor - Short Form. the bank operations supervisor solution is for job candidates applying to entry-level leadership positions who tend to supervise hourly employees. sample tasks for these jobs include, but are not limited to: planning and preparing work schedules, assigning employees to specific duties; coaching employees on attendance, conduct, schedule adherence, and work tasks, developing employees' skills ; training subordinates; prioritizing multiple tasks and priorities; and making day-to-day decisions with minimal guidance from others. potential job titles that use this solution are: team leader, first line supervisor, processing supervisor, call center supervisor, and customer service supervisor. there are multiple configurations and versions of this solution available.. Duration: 45 mins. Test Type: Ability & Aptitude, Biodata & Situational Judgement, Personality & Behavior, Simulations"
Bilingual Spanish Reservation Agent Solution,https://www.shl.com/solutions/products/product-catalog/view/bilingual-spanish-reservation-agent-solution/,"Biodata & Situational Judgement, Personality & Behavior, Simulations, Ability & Aptitude",False,False,"The Bilingual Reservation Agent solution is designed for customer centered entry-level positions within the hospitality industry. Sample tasks may include making, updating, or canceling hotel reservations made in English or Spanish; listening to customers speak Spanish and entering information into a computer in English; providing information on the hotel and the services offered. Potential job titles that use this solution are: Bilingual Reservation Agent, Customer Service Representative and Reservationist. Multiple configurations of this solution are available.","Entry-Level,","English (USA), Latin American Spanish,",43,"the bilingual reservation agent solution is designed for customer centered entry-level positions within the hospitality industry. sample tasks may include making, updating, or canceling hotel reservations made in english or spanish; listening to customers speak spanish and entering information into a computer in english; providing information on the hotel and the services offered. potential job titles that use this solution are: bilingual reservation agent, customer service representative and reservationist. multiple configurations of this solution are available.","Bilingual Spanish Reservation Agent Solution. the bilingual reservation agent solution is designed for customer centered entry-level positions within the hospitality industry. sample tasks may include making, updating, or canceling hotel reservations made in english or spanish; listening to customers speak spanish and entering information into a computer in english; providing information on the hotel and the services offered. potential job titles that use this solution are: bilingual reservation agent, customer service representative and reservationist. multiple configurations of this solution are available.. Duration: 43 mins. Test Type: Biodata & Situational Judgement, Personality & Behavior, Simulations, Ability & Aptitude"
"Bookkeeping, Accounting, Auditing Clerk Short Form",https://www.shl.com/solutions/products/product-catalog/view/bookkeeping-accounting-auditing-clerk-short-form/,"Personality & Behavior, Simulations, Knowledge & Skills, Biodata & Situational Judgement, Ability & Aptitude",False,False,"The Bookkeeping, Accounting, and Auditing Clerk solution is for entry-level positions that involve entering numerical data into computer systems and maintaining financial records. Sample tasks for this job include, but are not limited to: entering financial data into computers; checking financial records for accuracy; perform routine computations on financial data. Potential job titles that use this solution are: Accounting Clerk, Bookkeeper, Accounting Associate, Auditing Clerk and Accounts Receivable Clerk.","Entry-Level,","English (USA),",49,"the bookkeeping, accounting, and auditing clerk solution is for entry-level positions that involve entering numerical data into computer systems and maintaining financial records. sample tasks for this job include, but are not limited to: entering financial data into computers; checking financial records for accuracy; perform routine computations on financial data. potential job titles that use this solution are: accounting clerk, bookkeeper, accounting associate, auditing clerk and accounts receivable clerk.","Bookkeeping, Accounting, Auditing Clerk Short Form. the bookkeeping, accounting, and auditing clerk solution is for entry-level positions that involve entering numerical data into computer systems and maintaining financial records. sample tasks for this job include, but are not limited to: entering financial data into computers; checking financial records for accuracy; perform routine computations on financial data. potential job titles that use this solution are: accounting clerk, bookkeeper, accounting associate, auditing clerk and accounts receivable clerk.. Duration: 49 mins. Test Type: Personality & Behavior, Simulations, Knowledge & Skills, Biodata & Situational Judgement, Ability & Aptitude"
Branch Manager - Short Form,https://www.shl.com/solutions/products/product-catalog/view/branch-manager-short-form/,"Ability & Aptitude, Biodata & Situational Judgement, Personality & Behavior",False,False,"This solution is for mid to upper-level financial institution managerial positions. Candidates answer a series of multiple choice questions to measure management potential, management judgment, leadership potential, team management, branch manager problem solving, business leadership, leadership motivation, interpersonal leadership, self leadership, and branch manager judgment. There are multiple configurations and versions of this solution available.","Front Line Manager, Manager, Supervisor,","English (USA),",50,"this solution is for mid to upper-level financial institution managerial positions. candidates answer a series of multiple choice questions to measure management potential, management judgment, leadership potential, team management, branch manager problem solving, business leadership, leadership motivation, interpersonal leadership, self leadership, and branch manager judgment. there are multiple configurations and versions of this solution available.","Branch Manager - Short Form. this solution is for mid to upper-level financial institution managerial positions. candidates answer a series of multiple choice questions to measure management potential, management judgment, leadership potential, team management, branch manager problem solving, business leadership, leadership motivation, interpersonal leadership, self leadership, and branch manager judgment. there are multiple configurations and versions of this solution available.. Duration: 50 mins. Test Type: Ability & Aptitude, Biodata & Situational Judgement, Personality & Behavior"
Cashier Solution,https://www.shl.com/solutions/products/product-catalog/view/cashier-solution/,"Biodata & Situational Judgement, Ability & Aptitude, Personality & Behavior",False,False,"The Cashier solution is for entry-level retail positions in which employees receive payment in the form of cash, check, or credit cards for goods purchased. Sample tasks for these jobs include, but are not limited to: handling payments, offering customer service, and issuing receipts and refunds. Potential job titles that use this solution are: Cashier, Sales Associate, and Clerk. There are multiple configurations and versions of this solution available.","Entry-Level,","English (USA),",28,"the cashier solution is for entry-level retail positions in which employees receive payment in the form of cash, check, or credit cards for goods purchased. sample tasks for these jobs include, but are not limited to: handling payments, offering customer service, and issuing receipts and refunds. potential job titles that use this solution are: cashier, sales associate, and clerk. there are multiple configurations and versions of this solution available.","Cashier Solution. the cashier solution is for entry-level retail positions in which employees receive payment in the form of cash, check, or credit cards for goods purchased. sample tasks for these jobs include, but are not limited to: handling payments, offering customer service, and issuing receipts and refunds. potential job titles that use this solution are: cashier, sales associate, and clerk. there are multiple configurations and versions of this solution available.. Duration: 28 mins. Test Type: Biodata & Situational Judgement, Ability & Aptitude, Personality & Behavior"
Global Skills Development Report,https://www.shl.com/solutions/products/product-catalog/view/global-skills-development-report/,"Ability & Aptitude, Assessment Exercises, Biodata & Situational Judgement, Competencies, Development & 360, Personality & Behavior",False,False,"This report is designed to be given to individuals who have completed the Global Skills Assessment (GSA). With coverage across the Great 8 Domains, this measure of self-reported behaviors offers a complete overview of their current skills. Participants receive actionable tips on leveraging their top skill strengths and how they might develop their growth skills.","Director, Entry-Level, Executive, General Population, Graduate, Manager, Mid-Professional, Front Line Manager, Supervisor,",,Unknown,"this report is designed to be given to individuals who have completed the global skills assessment (gsa). with coverage across the great 8 domains, this measure of self-reported behaviors offers a complete overview of their current skills. participants receive actionable tips on leveraging their top skill strengths and how they might develop their growth skills.","Global Skills Development Report. this report is designed to be given to individuals who have completed the global skills assessment (gsa). with coverage across the great 8 domains, this measure of self-reported behaviors offers a complete overview of their current skills. participants receive actionable tips on leveraging their top skill strengths and how they might develop their growth skills.. Duration: Unknown mins. Test Type: Ability & Aptitude, Assessment Exercises, Biodata & Situational Judgement, Competencies, Development & 360, Personality & Behavior"
.NET Framework 4.5,https://www.shl.com/solutions/products/product-catalog/view/net-framework-4-5/,Knowledge & Skills,False,False,"The.NET Framework 4.5 test measures knowledge of .NET environment. Designed for experienced users, this test covers the following topics: Application Development, Application Foundation, Data Modeling, Deployment, Diagnostics, Performance, Portability, and Security.","Professional Individual Contributor, Mid-Professional,","English (USA),",30,"the.net framework 4.5 test measures knowledge of .net environment. designed for experienced users, this test covers the following topics: application development, application foundation, data modeling, deployment, diagnostics, performance, portability, and security.",".NET Framework 4.5. the.net framework 4.5 test measures knowledge of .net environment. designed for experienced users, this test covers the following topics: application development, application foundation, data modeling, deployment, diagnostics, performance, portability, and security.. Duration: 30 mins. Test Type: Knowledge & Skills"
.NET MVC (New),https://www.shl.com/solutions/products/product-catalog/view/net-mvc-new/,Knowledge & Skills,False,False,"Multi-choice test that measures the knowledge of Model-View-Controller (MVC) architecture, validation, security, routing, and areas.","Mid-Professional, Professional Individual Contributor,","English (USA),",17,"multi-choice test that measures the knowledge of model-view-controller (mvc) architecture, validation, security, routing, and areas.",".NET MVC (New). multi-choice test that measures the knowledge of model-view-controller (mvc) architecture, validation, security, routing, and areas.. Duration: 17 mins. Test Type: Knowledge & Skills"
.NET MVVM (New),https://www.shl.com/solutions/products/product-catalog/view/net-mvvm-new/,Knowledge & Skills,False,False,"Multi-choice test that measures the knowledge of MVVM pattern, scenarios, data validation, ViewModel communication and Quick-start.","Mid-Professional, Professional Individual Contributor,","English (USA),",5,"multi-choice test that measures the knowledge of mvvm pattern, scenarios, data validation, viewmodel communication and quick-start.",".NET MVVM (New). multi-choice test that measures the knowledge of mvvm pattern, scenarios, data validation, viewmodel communication and quick-start.. Duration: 5 mins. Test Type: Knowledge & Skills"
.NET WCF (New),https://www.shl.com/solutions/products/product-catalog/view/net-wcf-new/,Knowledge & Skills,False,False,"Multi-choice test that measures the knowledge of .NET fundamentals, WCF architecture, programming model, SOA, managing and programming WCF.","Mid-Professional, Professional Individual Contributor,","English (USA),",11,"multi-choice test that measures the knowledge of .net fundamentals, wcf architecture, programming model, soa, managing and programming wcf.",".NET WCF (New). multi-choice test that measures the knowledge of .net fundamentals, wcf architecture, programming model, soa, managing and programming wcf.. Duration: 11 mins. Test Type: Knowledge & Skills"
.NET WPF (New),https://www.shl.com/solutions/products/product-catalog/view/net-wpf-new/,Knowledge & Skills,False,False,"Multi-choice test that measures the knowledge of .NET basics, WPF, XAML controls, events, layouts, working with WPF windows/menus and deploying WPF applications.","Mid-Professional, Professional Individual Contributor,","English (USA),",9,"multi-choice test that measures the knowledge of .net basics, wpf, xaml controls, events, layouts, working with wpf windows/menus and deploying wpf applications.",".NET WPF (New). multi-choice test that measures the knowledge of .net basics, wpf, xaml controls, events, layouts, working with wpf windows/menus and deploying wpf applications.. Duration: 9 mins. Test Type: Knowledge & Skills"
.NET XAML (New),https://www.shl.com/solutions/products/product-catalog/view/net-xaml-new/,Knowledge & Skills,False,False,"Multi-choice test that measures the knowledge of XAML triggers, data binding, custom controls and layouts.","Mid-Professional, Professional Individual Contributor,","English (USA),",5,"multi-choice test that measures the knowledge of xaml triggers, data binding, custom controls and layouts.",".NET XAML (New). multi-choice test that measures the knowledge of xaml triggers, data binding, custom controls and layouts.. Duration: 5 mins. Test Type: Knowledge & Skills"
Accounts Payable (New),https://www.shl.com/solutions/products/product-catalog/view/accounts-payable-new/,Knowledge & Skills,False,False,"Multiple-choice test that measures the knowledge of processing payables and vendor invoices, and the posting of journal entries.","Entry-Level, Graduate, Mid-Professional, Professional Individual Contributor,","English (USA),",9,"multiple-choice test that measures the knowledge of processing payables and vendor invoices, and the posting of journal entries.","Accounts Payable (New). multiple-choice test that measures the knowledge of processing payables and vendor invoices, and the posting of journal entries.. Duration: 9 mins. Test Type: Knowledge & Skills"
Accounts Payable Simulation (New),https://www.shl.com/solutions/products/product-catalog/view/accounts-payable-simulation-new/,Simulations,False,False,Simulated data entry test that measures the ability to process payables and vendor invoices.,"Entry-Level, Graduate, Mid-Professional, Professional Individual Contributor,","English (USA),",8,simulated data entry test that measures the ability to process payables and vendor invoices.,Accounts Payable Simulation (New). simulated data entry test that measures the ability to process payables and vendor invoices.. Duration: 8 mins. Test Type: Simulations
Accounts Receivable (New),https://www.shl.com/solutions/products/product-catalog/view/accounts-receivable-new/,Knowledge & Skills,False,False,Multiple-choice test that measures the knowledge of processing receivables and invoices.,"Entry-Level, Graduate, Mid-Professional, Professional Individual Contributor,","English (USA),",13,multiple-choice test that measures the knowledge of processing receivables and invoices.,Accounts Receivable (New). multiple-choice test that measures the knowledge of processing receivables and invoices.. Duration: 13 mins. Test Type: Knowledge & Skills
Accounts Receivable Simulation (New),https://www.shl.com/solutions/products/product-catalog/view/accounts-receivable-simulation-new/,Simulations,False,False,Simulated data entry test that measures the ability to process receivables and invoices.,"Entry-Level, Graduate, Mid-Professional, Professional Individual Contributor,","English (USA),",8,simulated data entry test that measures the ability to process receivables and invoices.,Accounts Receivable Simulation (New). simulated data entry test that measures the ability to process receivables and invoices.. Duration: 8 mins. Test Type: Simulations
ADO.NET (New),https://www.shl.com/solutions/products/product-catalog/view/ado-net-new/,Knowledge & Skills,False,False,"Multi-choice test that measures the knowledge on the concepts of ADO.NET architecture, components and data provider objects.","Mid-Professional, Professional Individual Contributor,","English (USA),",10,"multi-choice test that measures the knowledge on the concepts of ado.net architecture, components and data provider objects.","ADO.NET (New). multi-choice test that measures the knowledge on the concepts of ado.net architecture, components and data provider objects.. Duration: 10 mins. Test Type: Knowledge & Skills"
Claims/Operations Supervisor Solution,https://www.shl.com/solutions/products/product-catalog/view/claimsoperations-supervisor-solution/,"Personality & Behavior, Simulations, Ability & Aptitude, Biodata & Situational Judgement",False,False,"The Claims/Operations Supervisor solution is for entry-level management positions that involve supervising hourly employees. Sample tasks for this job include, but are not limited to: planning and preapring work schedules; assigning employees to specific dutites; coaching employees on attendance, conduct, schedule adherence, and work tasks; developing employees' skills; training subordinates; prioritizing multiple tasks and priorities; making day-to-day decisions with minimal guidance from others. Potential job titles that use this solution are: Team Leader, Coach, First Line Supervisor, Claims Supervisor, Operations Supervisor, and Customer Service Supervisor. Multiple configurations of this solution are available.","Manager,","English (USA),",48,"the claims/operations supervisor solution is for entry-level management positions that involve supervising hourly employees. sample tasks for this job include, but are not limited to: planning and preapring work schedules; assigning employees to specific dutites; coaching employees on attendance, conduct, schedule adherence, and work tasks; developing employees' skills; training subordinates; prioritizing multiple tasks and priorities; making day-to-day decisions with minimal guidance from others. potential job titles that use this solution are: team leader, coach, first line supervisor, claims supervisor, operations supervisor, and customer service supervisor. multiple configurations of this solution are available.","Claims/Operations Supervisor Solution. the claims/operations supervisor solution is for entry-level management positions that involve supervising hourly employees. sample tasks for this job include, but are not limited to: planning and preapring work schedules; assigning employees to specific dutites; coaching employees on attendance, conduct, schedule adherence, and work tasks; developing employees' skills; training subordinates; prioritizing multiple tasks and priorities; making day-to-day decisions with minimal guidance from others. potential job titles that use this solution are: team leader, coach, first line supervisor, claims supervisor, operations supervisor, and customer service supervisor. multiple configurations of this solution are available.. Duration: 48 mins. Test Type: Personality & Behavior, Simulations, Ability & Aptitude, Biodata & Situational Judgement"
Contact Center Customer Service + 8.0,https://www.shl.com/solutions/products/product-catalog/view/contact-center-customer-service-8-0/,"Ability & Aptitude, Biodata & Situational Judgement, Competencies, Personality & Behavior, Simulations",False,False,"The Contact Center + 8.0 - Customer Service Job Focused Assessment is designed to measure the skills, competencies, and behaviors needed for success in contact center roles where the main focus is customer service. This JFA includes a mobile-optimized contact center simulation, a behavioral assessment, and a cognitive test. Together, these assessments capture the ability to provide exceptional customer service in entry-level contact center roles.","Entry-Level,","English (USA), English International, French, German, Latin American Spanish, Chinese Simplified, Portuguese (Brazil), Japanese,",41,"the contact center + 8.0 - customer service job focused assessment is designed to measure the skills, competencies, and behaviors needed for success in contact center roles where the main focus is customer service. this jfa includes a mobile-optimized contact center simulation, a behavioral assessment, and a cognitive test. together, these assessments capture the ability to provide exceptional customer service in entry-level contact center roles.","Contact Center Customer Service + 8.0. the contact center + 8.0 - customer service job focused assessment is designed to measure the skills, competencies, and behaviors needed for success in contact center roles where the main focus is customer service. this jfa includes a mobile-optimized contact center simulation, a behavioral assessment, and a cognitive test. together, these assessments capture the ability to provide exceptional customer service in entry-level contact center roles.. Duration: 41 mins. Test Type: Ability & Aptitude, Biodata & Situational Judgement, Competencies, Personality & Behavior, Simulations"
Contact Center Customer Service 8.0,https://www.shl.com/solutions/products/product-catalog/view/contact-center-customer-service-8-0-4269/,"Simulations, Biodata & Situational Judgement, Competencies, Personality & Behavior",False,False,The Customer Service 8.0 JFA is designed for entry-level positions in a contact center environment where the main focus is customer service.,"Entry-Level,","English (USA), German, Portuguese (Brazil), English International, Latin American Spanish, French (Canada), French,",31,the customer service 8.0 jfa is designed for entry-level positions in a contact center environment where the main focus is customer service.,"Contact Center Customer Service 8.0. the customer service 8.0 jfa is designed for entry-level positions in a contact center environment where the main focus is customer service.. Duration: 31 mins. Test Type: Simulations, Biodata & Situational Judgement, Competencies, Personality & Behavior"
Contact Center Manager - Short Form,https://www.shl.com/solutions/products/product-catalog/view/contact-center-manager-short-form/,"Ability & Aptitude, Biodata & Situational Judgement, Personality & Behavior, Simulations",False,False,"The Contact Center - Manager solution is for mid to upper-level contact center managerial positions. Sample tasks for these jobs include, but are not limited to: supervising and coordinating the activities of subordinates; interacting day-to-day with subordinates; and training employees. Potential job titles that use this solution are: Contact Center Team Leader, First Line Supervisor, and Contact Center Manager.","Manager, Supervisor, Front Line Manager,","English (USA),",50,"the contact center - manager solution is for mid to upper-level contact center managerial positions. sample tasks for these jobs include, but are not limited to: supervising and coordinating the activities of subordinates; interacting day-to-day with subordinates; and training employees. potential job titles that use this solution are: contact center team leader, first line supervisor, and contact center manager.","Contact Center Manager - Short Form. the contact center - manager solution is for mid to upper-level contact center managerial positions. sample tasks for these jobs include, but are not limited to: supervising and coordinating the activities of subordinates; interacting day-to-day with subordinates; and training employees. potential job titles that use this solution are: contact center team leader, first line supervisor, and contact center manager.. Duration: 50 mins. Test Type: Ability & Aptitude, Biodata & Situational Judgement, Personality & Behavior, Simulations"
Contact Center Sales & Service + 8.0,https://www.shl.com/solutions/products/product-catalog/view/contact-center-sales-and-service-8-0/,"Personality & Behavior, Biodata & Situational Judgement, Competencies, Ability & Aptitude, Simulations",False,False,"The Contact Center + 8.0 - Sales & Service Job Focused Assessment is designed to measure the skills, competencies, and behaviors needed for success in contact center roles that involve sales-related behaviors such as recommending products or services and retaining customers. This JFA includes a mobile-optimized contact center simulation, a behavioral assessment, and a cognitive test. Together, these assessments capture the ability to provide exceptional customer service and drive sales in entry-level contact center roles.","Entry-Level,","English International, English (USA),",41,"the contact center + 8.0 - sales & service job focused assessment is designed to measure the skills, competencies, and behaviors needed for success in contact center roles that involve sales-related behaviors such as recommending products or services and retaining customers. this jfa includes a mobile-optimized contact center simulation, a behavioral assessment, and a cognitive test. together, these assessments capture the ability to provide exceptional customer service and drive sales in entry-level contact center roles.","Contact Center Sales & Service + 8.0. the contact center + 8.0 - sales & service job focused assessment is designed to measure the skills, competencies, and behaviors needed for success in contact center roles that involve sales-related behaviors such as recommending products or services and retaining customers. this jfa includes a mobile-optimized contact center simulation, a behavioral assessment, and a cognitive test. together, these assessments capture the ability to provide exceptional customer service and drive sales in entry-level contact center roles.. Duration: 41 mins. Test Type: Personality & Behavior, Biodata & Situational Judgement, Competencies, Ability & Aptitude, Simulations"
Contact Center Sales & Service 8.0,https://www.shl.com/solutions/products/product-catalog/view/contact-center-sales-and-service-8-0-4268/,"Simulations, Biodata & Situational Judgement, Competencies, Personality & Behavior",False,False,The Sales & Service 8.0 JFA is designed for contact center roles that involve sales or sales-related behaviors such as recommending products or services and retaining customers.,"Entry-Level,","English International, English (USA),",31,the sales & service 8.0 jfa is designed for contact center roles that involve sales or sales-related behaviors such as recommending products or services and retaining customers.,"Contact Center Sales & Service 8.0. the sales & service 8.0 jfa is designed for contact center roles that involve sales or sales-related behaviors such as recommending products or services and retaining customers.. Duration: 31 mins. Test Type: Simulations, Biodata & Situational Judgement, Competencies, Personality & Behavior"
Contact Center Team Lead/Coach - Short Form,https://www.shl.com/solutions/products/product-catalog/view/contact-center-team-leadcoach-short-form/,"Ability & Aptitude, Biodata & Situational Judgement, Personality & Behavior, Simulations",False,False,"The Contact Center - Team Lead/Coach solution is for job candidates applying to entry-level leadership positions who tend to supervise hourly employees. Sample tasks for these jobs include, but are not limited to: planning and preparing work schedules; assigning employees to specific duties; coaching employees on attendance, conduct, schedule adherence, and work tasks; developing employees' skills; training subordinates or less tenured peers; prioritizing multiple tasks and priorities; and making day-to-day decisions with minimal guidance from others. Potential job titles that use this solution are: Team Leader, Coach, First Line Supervisor, Processing Supervisor, Call Center Supervisor, and Customer Service Supervisor.","Front Line Manager, Professional Individual Contributor, Supervisor,","English (USA),",45,"the contact center - team lead/coach solution is for job candidates applying to entry-level leadership positions who tend to supervise hourly employees. sample tasks for these jobs include, but are not limited to: planning and preparing work schedules; assigning employees to specific duties; coaching employees on attendance, conduct, schedule adherence, and work tasks; developing employees' skills; training subordinates or less tenured peers; prioritizing multiple tasks and priorities; and making day-to-day decisions with minimal guidance from others. potential job titles that use this solution are: team leader, coach, first line supervisor, processing supervisor, call center supervisor, and customer service supervisor.","Contact Center Team Lead/Coach - Short Form. the contact center - team lead/coach solution is for job candidates applying to entry-level leadership positions who tend to supervise hourly employees. sample tasks for these jobs include, but are not limited to: planning and preparing work schedules; assigning employees to specific duties; coaching employees on attendance, conduct, schedule adherence, and work tasks; developing employees' skills; training subordinates or less tenured peers; prioritizing multiple tasks and priorities; and making day-to-day decisions with minimal guidance from others. potential job titles that use this solution are: team leader, coach, first line supervisor, processing supervisor, call center supervisor, and customer service supervisor.. Duration: 45 mins. Test Type: Ability & Aptitude, Biodata & Situational Judgement, Personality & Behavior, Simulations"
Contact Centre Agent Solution - UK,https://www.shl.com/solutions/products/product-catalog/view/contact-centre-agent-solution-uk/,"Ability & Aptitude, Biodata & Situational Judgement, Personality & Behavior, Simulations",False,False,"This solution is used for job candidates applying to entry-level positions in a contact centre environment where the main focus of the job is customer service. The candidate answers multiple choice questions as well as questions in a customer call simulation environment. The solution measures: working with information, customer focus, contact centre retention, navigation, service orientation, and tactful problem solving. In addition, the solution measures data entry speed and accuracy, multi-tasking preferences, achievement orientation and conscientiousness.","Entry-Level,","English International,",39,"this solution is used for job candidates applying to entry-level positions in a contact centre environment where the main focus of the job is customer service. the candidate answers multiple choice questions as well as questions in a customer call simulation environment. the solution measures: working with information, customer focus, contact centre retention, navigation, service orientation, and tactful problem solving. in addition, the solution measures data entry speed and accuracy, multi-tasking preferences, achievement orientation and conscientiousness.","Contact Centre Agent Solution - UK. this solution is used for job candidates applying to entry-level positions in a contact centre environment where the main focus of the job is customer service. the candidate answers multiple choice questions as well as questions in a customer call simulation environment. the solution measures: working with information, customer focus, contact centre retention, navigation, service orientation, and tactful problem solving. in addition, the solution measures data entry speed and accuracy, multi-tasking preferences, achievement orientation and conscientiousness.. Duration: 39 mins. Test Type: Ability & Aptitude, Biodata & Situational Judgement, Personality & Behavior, Simulations"
Customer Service - Short Form,https://www.shl.com/solutions/products/product-catalog/view/customer-service-short-form/,"Ability & Aptitude, Biodata & Situational Judgement, Personality & Behavior",False,False,"The Customer Service Representative Solution is for entry-level positions that involve a high degree of interaction with customers in person or on the phone. Sample tasks for this job include, but are not limited to: taking orders; solving product or service issues; responding positively to difficult customers; referring unresolved issues to the appropriate individuals; providing information on products and/or services. Potential job titles that use this solution are: Account Service Representative, Account Representative, Customer Service Representative, and Customer Service Agent.","Entry-Level,","English (USA), English International,",42,"the customer service representative solution is for entry-level positions that involve a high degree of interaction with customers in person or on the phone. sample tasks for this job include, but are not limited to: taking orders; solving product or service issues; responding positively to difficult customers; referring unresolved issues to the appropriate individuals; providing information on products and/or services. potential job titles that use this solution are: account service representative, account representative, customer service representative, and customer service agent.","Customer Service - Short Form. the customer service representative solution is for entry-level positions that involve a high degree of interaction with customers in person or on the phone. sample tasks for this job include, but are not limited to: taking orders; solving product or service issues; responding positively to difficult customers; referring unresolved issues to the appropriate individuals; providing information on products and/or services. potential job titles that use this solution are: account service representative, account representative, customer service representative, and customer service agent.. Duration: 42 mins. Test Type: Ability & Aptitude, Biodata & Situational Judgement, Personality & Behavior"
Customer Service - Short Form - UK,https://www.shl.com/solutions/products/product-catalog/view/customer-service-short-form-uk/,"Ability & Aptitude, Biodata & Situational Judgement, Personality & Behavior",False,False,"The Customer Service Representative solution is for entry-level positions that involve a high degree of interaction with customers in person or on the phone. Sample tasks for this job include, but are not limited to: taking orders; solving product or service issues; responding positively to difficult customers; referring unresolved issues to the appropriate individuals; providing information on products and/or services. Potential job titles that use this solution are: Account Service Representative, Account Representative, Customer Service Representative, and Customer Service Agent.","Entry-Level,","English International,",42,"the customer service representative solution is for entry-level positions that involve a high degree of interaction with customers in person or on the phone. sample tasks for this job include, but are not limited to: taking orders; solving product or service issues; responding positively to difficult customers; referring unresolved issues to the appropriate individuals; providing information on products and/or services. potential job titles that use this solution are: account service representative, account representative, customer service representative, and customer service agent.","Customer Service - Short Form - UK. the customer service representative solution is for entry-level positions that involve a high degree of interaction with customers in person or on the phone. sample tasks for this job include, but are not limited to: taking orders; solving product or service issues; responding positively to difficult customers; referring unresolved issues to the appropriate individuals; providing information on products and/or services. potential job titles that use this solution are: account service representative, account representative, customer service representative, and customer service agent.. Duration: 42 mins. Test Type: Ability & Aptitude, Biodata & Situational Judgement, Personality & Behavior"
Customer Service with Sales - Short Form,https://www.shl.com/solutions/products/product-catalog/view/customer-service-with-sales-short-form/,"Ability & Aptitude, Biodata & Situational Judgement, Personality & Behavior",False,False,"The Customer Service with Sales solution is for entry-level positions that involve both providing service and support to customers and selling goods and services. Sample tasks for this job include, but are not limited to: taking orders; solving product or service issues; selling products and services; responding positively to difficult customers; adding new goods and services to existing accounts; providing information on products and/or services. Potential job titles that use this solution are: Account Service Representative, Account Representative, Customer Service Representative, and Sales Representative.","Entry-Level,","English (USA),",44,"the customer service with sales solution is for entry-level positions that involve both providing service and support to customers and selling goods and services. sample tasks for this job include, but are not limited to: taking orders; solving product or service issues; selling products and services; responding positively to difficult customers; adding new goods and services to existing accounts; providing information on products and/or services. potential job titles that use this solution are: account service representative, account representative, customer service representative, and sales representative.","Customer Service with Sales - Short Form. the customer service with sales solution is for entry-level positions that involve both providing service and support to customers and selling goods and services. sample tasks for this job include, but are not limited to: taking orders; solving product or service issues; selling products and services; responding positively to difficult customers; adding new goods and services to existing accounts; providing information on products and/or services. potential job titles that use this solution are: account service representative, account representative, customer service representative, and sales representative.. Duration: 44 mins. Test Type: Ability & Aptitude, Biodata & Situational Judgement, Personality & Behavior"
Director - Short Form,https://www.shl.com/solutions/products/product-catalog/view/director-short-form/,"Ability & Aptitude, Biodata & Situational Judgement, Personality & Behavior",False,False,"The Director solution is intended for use with senior level positions responsible for the planning, directing, or coordinating key business activities and operations of companies. Duties and responsibilities include formulating policies, managing daily operations, and planning the use of materials and human resources. Potential job titles that use this solution are: Director, Regional Director, and Director of Operations.","Director,","English (USA),",69,"the director solution is intended for use with senior level positions responsible for the planning, directing, or coordinating key business activities and operations of companies. duties and responsibilities include formulating policies, managing daily operations, and planning the use of materials and human resources. potential job titles that use this solution are: director, regional director, and director of operations.","Director - Short Form. the director solution is intended for use with senior level positions responsible for the planning, directing, or coordinating key business activities and operations of companies. duties and responsibilities include formulating policies, managing daily operations, and planning the use of materials and human resources. potential job titles that use this solution are: director, regional director, and director of operations.. Duration: 69 mins. Test Type: Ability & Aptitude, Biodata & Situational Judgement, Personality & Behavior"
Claims/Operations Supervisor Solution,https://www.shl.com/solutions/products/product-catalog/view/claimsoperations-supervisor-solution/,"Personality & Behavior, Simulations, Ability & Aptitude, Biodata & Situational Judgement",False,False,"The Claims/Operations Supervisor solution is for entry-level management positions that involve supervising hourly employees. Sample tasks for this job include, but are not limited to: planning and preapring work schedules; assigning employees to specific dutites; coaching employees on attendance, conduct, schedule adherence, and work tasks; developing employees' skills; training subordinates; prioritizing multiple tasks and priorities; making day-to-day decisions with minimal guidance from others. Potential job titles that use this solution are: Team Leader, Coach, First Line Supervisor, Claims Supervisor, Operations Supervisor, and Customer Service Supervisor. Multiple configurations of this solution are available.","Manager,","English (USA),",48,"the claims/operations supervisor solution is for entry-level management positions that involve supervising hourly employees. sample tasks for this job include, but are not limited to: planning and preapring work schedules; assigning employees to specific dutites; coaching employees on attendance, conduct, schedule adherence, and work tasks; developing employees' skills; training subordinates; prioritizing multiple tasks and priorities; making day-to-day decisions with minimal guidance from others. potential job titles that use this solution are: team leader, coach, first line supervisor, claims supervisor, operations supervisor, and customer service supervisor. multiple configurations of this solution are available.","Claims/Operations Supervisor Solution. the claims/operations supervisor solution is for entry-level management positions that involve supervising hourly employees. sample tasks for this job include, but are not limited to: planning and preapring work schedules; assigning employees to specific dutites; coaching employees on attendance, conduct, schedule adherence, and work tasks; developing employees' skills; training subordinates; prioritizing multiple tasks and priorities; making day-to-day decisions with minimal guidance from others. potential job titles that use this solution are: team leader, coach, first line supervisor, claims supervisor, operations supervisor, and customer service supervisor. multiple configurations of this solution are available.. Duration: 48 mins. Test Type: Personality & Behavior, Simulations, Ability & Aptitude, Biodata & Situational Judgement"
Contact Center Customer Service + 8.0,https://www.shl.com/solutions/products/product-catalog/view/contact-center-customer-service-8-0/,"Ability & Aptitude, Biodata & Situational Judgement, Competencies, Personality & Behavior, Simulations",False,False,"The Contact Center + 8.0 - Customer Service Job Focused Assessment is designed to measure the skills, competencies, and behaviors needed for success in contact center roles where the main focus is customer service. This JFA includes a mobile-optimized contact center simulation, a behavioral assessment, and a cognitive test. Together, these assessments capture the ability to provide exceptional customer service in entry-level contact center roles.","Entry-Level,","English (USA), English International, French, German, Latin American Spanish, Chinese Simplified, Portuguese (Brazil), Japanese,",41,"the contact center + 8.0 - customer service job focused assessment is designed to measure the skills, competencies, and behaviors needed for success in contact center roles where the main focus is customer service. this jfa includes a mobile-optimized contact center simulation, a behavioral assessment, and a cognitive test. together, these assessments capture the ability to provide exceptional customer service in entry-level contact center roles.","Contact Center Customer Service + 8.0. the contact center + 8.0 - customer service job focused assessment is designed to measure the skills, competencies, and behaviors needed for success in contact center roles where the main focus is customer service. this jfa includes a mobile-optimized contact center simulation, a behavioral assessment, and a cognitive test. together, these assessments capture the ability to provide exceptional customer service in entry-level contact center roles.. Duration: 41 mins. Test Type: Ability & Aptitude, Biodata & Situational Judgement, Competencies, Personality & Behavior, Simulations"
Contact Center Customer Service 8.0,https://www.shl.com/solutions/products/product-catalog/view/contact-center-customer-service-8-0-4269/,"Simulations, Biodata & Situational Judgement, Competencies, Personality & Behavior",False,False,The Customer Service 8.0 JFA is designed for entry-level positions in a contact center environment where the main focus is customer service.,"Entry-Level,","English (USA), German, Portuguese (Brazil), English International, Latin American Spanish, French (Canada), French,",31,the customer service 8.0 jfa is designed for entry-level positions in a contact center environment where the main focus is customer service.,"Contact Center Customer Service 8.0. the customer service 8.0 jfa is designed for entry-level positions in a contact center environment where the main focus is customer service.. Duration: 31 mins. Test Type: Simulations, Biodata & Situational Judgement, Competencies, Personality & Behavior"
Contact Center Manager - Short Form,https://www.shl.com/solutions/products/product-catalog/view/contact-center-manager-short-form/,"Ability & Aptitude, Biodata & Situational Judgement, Personality & Behavior, Simulations",False,False,"The Contact Center - Manager solution is for mid to upper-level contact center managerial positions. Sample tasks for these jobs include, but are not limited to: supervising and coordinating the activities of subordinates; interacting day-to-day with subordinates; and training employees. Potential job titles that use this solution are: Contact Center Team Leader, First Line Supervisor, and Contact Center Manager.","Manager, Supervisor, Front Line Manager,","English (USA),",50,"the contact center - manager solution is for mid to upper-level contact center managerial positions. sample tasks for these jobs include, but are not limited to: supervising and coordinating the activities of subordinates; interacting day-to-day with subordinates; and training employees. potential job titles that use this solution are: contact center team leader, first line supervisor, and contact center manager.","Contact Center Manager - Short Form. the contact center - manager solution is for mid to upper-level contact center managerial positions. sample tasks for these jobs include, but are not limited to: supervising and coordinating the activities of subordinates; interacting day-to-day with subordinates; and training employees. potential job titles that use this solution are: contact center team leader, first line supervisor, and contact center manager.. Duration: 50 mins. Test Type: Ability & Aptitude, Biodata & Situational Judgement, Personality & Behavior, Simulations"
Contact Center Sales & Service + 8.0,https://www.shl.com/solutions/products/product-catalog/view/contact-center-sales-and-service-8-0/,"Personality & Behavior, Biodata & Situational Judgement, Competencies, Ability & Aptitude, Simulations",False,False,"The Contact Center + 8.0 - Sales & Service Job Focused Assessment is designed to measure the skills, competencies, and behaviors needed for success in contact center roles that involve sales-related behaviors such as recommending products or services and retaining customers. This JFA includes a mobile-optimized contact center simulation, a behavioral assessment, and a cognitive test. Together, these assessments capture the ability to provide exceptional customer service and drive sales in entry-level contact center roles.","Entry-Level,","English International, English (USA),",41,"the contact center + 8.0 - sales & service job focused assessment is designed to measure the skills, competencies, and behaviors needed for success in contact center roles that involve sales-related behaviors such as recommending products or services and retaining customers. this jfa includes a mobile-optimized contact center simulation, a behavioral assessment, and a cognitive test. together, these assessments capture the ability to provide exceptional customer service and drive sales in entry-level contact center roles.","Contact Center Sales & Service + 8.0. the contact center + 8.0 - sales & service job focused assessment is designed to measure the skills, competencies, and behaviors needed for success in contact center roles that involve sales-related behaviors such as recommending products or services and retaining customers. this jfa includes a mobile-optimized contact center simulation, a behavioral assessment, and a cognitive test. together, these assessments capture the ability to provide exceptional customer service and drive sales in entry-level contact center roles.. Duration: 41 mins. Test Type: Personality & Behavior, Biodata & Situational Judgement, Competencies, Ability & Aptitude, Simulations"
Contact Center Sales & Service 8.0,https://www.shl.com/solutions/products/product-catalog/view/contact-center-sales-and-service-8-0-4268/,"Simulations, Biodata & Situational Judgement, Competencies, Personality & Behavior",False,False,The Sales & Service 8.0 JFA is designed for contact center roles that involve sales or sales-related behaviors such as recommending products or services and retaining customers.,"Entry-Level,","English International, English (USA),",31,the sales & service 8.0 jfa is designed for contact center roles that involve sales or sales-related behaviors such as recommending products or services and retaining customers.,"Contact Center Sales & Service 8.0. the sales & service 8.0 jfa is designed for contact center roles that involve sales or sales-related behaviors such as recommending products or services and retaining customers.. Duration: 31 mins. Test Type: Simulations, Biodata & Situational Judgement, Competencies, Personality & Behavior"
Contact Center Team Lead/Coach - Short Form,https://www.shl.com/solutions/products/product-catalog/view/contact-center-team-leadcoach-short-form/,"Ability & Aptitude, Biodata & Situational Judgement, Personality & Behavior, Simulations",False,False,"The Contact Center - Team Lead/Coach solution is for job candidates applying to entry-level leadership positions who tend to supervise hourly employees. Sample tasks for these jobs include, but are not limited to: planning and preparing work schedules; assigning employees to specific duties; coaching employees on attendance, conduct, schedule adherence, and work tasks; developing employees' skills; training subordinates or less tenured peers; prioritizing multiple tasks and priorities; and making day-to-day decisions with minimal guidance from others. Potential job titles that use this solution are: Team Leader, Coach, First Line Supervisor, Processing Supervisor, Call Center Supervisor, and Customer Service Supervisor.","Front Line Manager, Professional Individual Contributor, Supervisor,","English (USA),",45,"the contact center - team lead/coach solution is for job candidates applying to entry-level leadership positions who tend to supervise hourly employees. sample tasks for these jobs include, but are not limited to: planning and preparing work schedules; assigning employees to specific duties; coaching employees on attendance, conduct, schedule adherence, and work tasks; developing employees' skills; training subordinates or less tenured peers; prioritizing multiple tasks and priorities; and making day-to-day decisions with minimal guidance from others. potential job titles that use this solution are: team leader, coach, first line supervisor, processing supervisor, call center supervisor, and customer service supervisor.","Contact Center Team Lead/Coach - Short Form. the contact center - team lead/coach solution is for job candidates applying to entry-level leadership positions who tend to supervise hourly employees. sample tasks for these jobs include, but are not limited to: planning and preparing work schedules; assigning employees to specific duties; coaching employees on attendance, conduct, schedule adherence, and work tasks; developing employees' skills; training subordinates or less tenured peers; prioritizing multiple tasks and priorities; and making day-to-day decisions with minimal guidance from others. potential job titles that use this solution are: team leader, coach, first line supervisor, processing supervisor, call center supervisor, and customer service supervisor.. Duration: 45 mins. Test Type: Ability & Aptitude, Biodata & Situational Judgement, Personality & Behavior, Simulations"
Contact Centre Agent Solution - UK,https://www.shl.com/solutions/products/product-catalog/view/contact-centre-agent-solution-uk/,"Ability & Aptitude, Biodata & Situational Judgement, Personality & Behavior, Simulations",False,False,"This solution is used for job candidates applying to entry-level positions in a contact centre environment where the main focus of the job is customer service. The candidate answers multiple choice questions as well as questions in a customer call simulation environment. The solution measures: working with information, customer focus, contact centre retention, navigation, service orientation, and tactful problem solving. In addition, the solution measures data entry speed and accuracy, multi-tasking preferences, achievement orientation and conscientiousness.","Entry-Level,","English International,",39,"this solution is used for job candidates applying to entry-level positions in a contact centre environment where the main focus of the job is customer service. the candidate answers multiple choice questions as well as questions in a customer call simulation environment. the solution measures: working with information, customer focus, contact centre retention, navigation, service orientation, and tactful problem solving. in addition, the solution measures data entry speed and accuracy, multi-tasking preferences, achievement orientation and conscientiousness.","Contact Centre Agent Solution - UK. this solution is used for job candidates applying to entry-level positions in a contact centre environment where the main focus of the job is customer service. the candidate answers multiple choice questions as well as questions in a customer call simulation environment. the solution measures: working with information, customer focus, contact centre retention, navigation, service orientation, and tactful problem solving. in addition, the solution measures data entry speed and accuracy, multi-tasking preferences, achievement orientation and conscientiousness.. Duration: 39 mins. Test Type: Ability & Aptitude, Biodata & Situational Judgement, Personality & Behavior, Simulations"
Customer Service - Short Form,https://www.shl.com/solutions/products/product-catalog/view/customer-service-short-form/,"Ability & Aptitude, Biodata & Situational Judgement, Personality & Behavior",False,False,"The Customer Service Representative Solution is for entry-level positions that involve a high degree of interaction with customers in person or on the phone. Sample tasks for this job include, but are not limited to: taking orders; solving product or service issues; responding positively to difficult customers; referring unresolved issues to the appropriate individuals; providing information on products and/or services. Potential job titles that use this solution are: Account Service Representative, Account Representative, Customer Service Representative, and Customer Service Agent.","Entry-Level,","English (USA), English International,",42,"the customer service representative solution is for entry-level positions that involve a high degree of interaction with customers in person or on the phone. sample tasks for this job include, but are not limited to: taking orders; solving product or service issues; responding positively to difficult customers; referring unresolved issues to the appropriate individuals; providing information on products and/or services. potential job titles that use this solution are: account service representative, account representative, customer service representative, and customer service agent.","Customer Service - Short Form. the customer service representative solution is for entry-level positions that involve a high degree of interaction with customers in person or on the phone. sample tasks for this job include, but are not limited to: taking orders; solving product or service issues; responding positively to difficult customers; referring unresolved issues to the appropriate individuals; providing information on products and/or services. potential job titles that use this solution are: account service representative, account representative, customer service representative, and customer service agent.. Duration: 42 mins. Test Type: Ability & Aptitude, Biodata & Situational Judgement, Personality & Behavior"
Customer Service - Short Form - UK,https://www.shl.com/solutions/products/product-catalog/view/customer-service-short-form-uk/,"Ability & Aptitude, Biodata & Situational Judgement, Personality & Behavior",False,False,"The Customer Service Representative solution is for entry-level positions that involve a high degree of interaction with customers in person or on the phone. Sample tasks for this job include, but are not limited to: taking orders; solving product or service issues; responding positively to difficult customers; referring unresolved issues to the appropriate individuals; providing information on products and/or services. Potential job titles that use this solution are: Account Service Representative, Account Representative, Customer Service Representative, and Customer Service Agent.","Entry-Level,","English International,",42,"the customer service representative solution is for entry-level positions that involve a high degree of interaction with customers in person or on the phone. sample tasks for this job include, but are not limited to: taking orders; solving product or service issues; responding positively to difficult customers; referring unresolved issues to the appropriate individuals; providing information on products and/or services. potential job titles that use this solution are: account service representative, account representative, customer service representative, and customer service agent.","Customer Service - Short Form - UK. the customer service representative solution is for entry-level positions that involve a high degree of interaction with customers in person or on the phone. sample tasks for this job include, but are not limited to: taking orders; solving product or service issues; responding positively to difficult customers; referring unresolved issues to the appropriate individuals; providing information on products and/or services. potential job titles that use this solution are: account service representative, account representative, customer service representative, and customer service agent.. Duration: 42 mins. Test Type: Ability & Aptitude, Biodata & Situational Judgement, Personality & Behavior"
Customer Service with Sales - Short Form,https://www.shl.com/solutions/products/product-catalog/view/customer-service-with-sales-short-form/,"Ability & Aptitude, Biodata & Situational Judgement, Personality & Behavior",False,False,"The Customer Service with Sales solution is for entry-level positions that involve both providing service and support to customers and selling goods and services. Sample tasks for this job include, but are not limited to: taking orders; solving product or service issues; selling products and services; responding positively to difficult customers; adding new goods and services to existing accounts; providing information on products and/or services. Potential job titles that use this solution are: Account Service Representative, Account Representative, Customer Service Representative, and Sales Representative.","Entry-Level,","English (USA),",44,"the customer service with sales solution is for entry-level positions that involve both providing service and support to customers and selling goods and services. sample tasks for this job include, but are not limited to: taking orders; solving product or service issues; selling products and services; responding positively to difficult customers; adding new goods and services to existing accounts; providing information on products and/or services. potential job titles that use this solution are: account service representative, account representative, customer service representative, and sales representative.","Customer Service with Sales - Short Form. the customer service with sales solution is for entry-level positions that involve both providing service and support to customers and selling goods and services. sample tasks for this job include, but are not limited to: taking orders; solving product or service issues; selling products and services; responding positively to difficult customers; adding new goods and services to existing accounts; providing information on products and/or services. potential job titles that use this solution are: account service representative, account representative, customer service representative, and sales representative.. Duration: 44 mins. Test Type: Ability & Aptitude, Biodata & Situational Judgement, Personality & Behavior"
Director - Short Form,https://www.shl.com/solutions/products/product-catalog/view/director-short-form/,"Ability & Aptitude, Biodata & Situational Judgement, Personality & Behavior",False,False,"The Director solution is intended for use with senior level positions responsible for the planning, directing, or coordinating key business activities and operations of companies. Duties and responsibilities include formulating policies, managing daily operations, and planning the use of materials and human resources. Potential job titles that use this solution are: Director, Regional Director, and Director of Operations.","Director,","English (USA),",69,"the director solution is intended for use with senior level positions responsible for the planning, directing, or coordinating key business activities and operations of companies. duties and responsibilities include formulating policies, managing daily operations, and planning the use of materials and human resources. potential job titles that use this solution are: director, regional director, and director of operations.","Director - Short Form. the director solution is intended for use with senior level positions responsible for the planning, directing, or coordinating key business activities and operations of companies. duties and responsibilities include formulating policies, managing daily operations, and planning the use of materials and human resources. potential job titles that use this solution are: director, regional director, and director of operations.. Duration: 69 mins. Test Type: Ability & Aptitude, Biodata & Situational Judgement, Personality & Behavior"
Written English v1,https://www.shl.com/solutions/products/product-catalog/view/written-english-v1/,Knowledge & Skills,False,False,"The Written English test measures knowledge of US English grammar and English reading comprehension. It is designed for those with English as a second language and covers the following topics: Articles, Comparisons, Conjunctions, General Questions, Misused Words, Nouns, Parallel Structure, Prepositions, Pronouns, Specific Questions, and Verbs.","Entry-Level, Front Line Manager, Mid-Professional, Professional Individual Contributor,","English (USA), English International,",30,"the written english test measures knowledge of us english grammar and english reading comprehension. it is designed for those with english as a second language and covers the following topics: articles, comparisons, conjunctions, general questions, misused words, nouns, parallel structure, prepositions, pronouns, specific questions, and verbs.","Written English v1. the written english test measures knowledge of us english grammar and english reading comprehension. it is designed for those with english as a second language and covers the following topics: articles, comparisons, conjunctions, general questions, misused words, nouns, parallel structure, prepositions, pronouns, specific questions, and verbs.. Duration: 30 mins. Test Type: Knowledge & Skills"
Written Spanish,https://www.shl.com/solutions/products/product-catalog/view/written-spanish/,Knowledge & Skills,False,False,"This test measures knowledge of Spanish grammar and Spanish reading comprehension skills. Designed primarily for individuals where Spanish is their second language, this test covers the following topics: Adjectives, Adverbs, Conjunctions, Nouns, Prepositions, Pronouns, Verbs, and Reading Comprehension.","Entry-Level, Front Line Manager, Mid-Professional, Professional Individual Contributor,","Latin American Spanish,",22,"this test measures knowledge of spanish grammar and spanish reading comprehension skills. designed primarily for individuals where spanish is their second language, this test covers the following topics: adjectives, adverbs, conjunctions, nouns, prepositions, pronouns, verbs, and reading comprehension.","Written Spanish. this test measures knowledge of spanish grammar and spanish reading comprehension skills. designed primarily for individuals where spanish is their second language, this test covers the following topics: adjectives, adverbs, conjunctions, nouns, prepositions, pronouns, verbs, and reading comprehension.. Duration: 22 mins. Test Type: Knowledge & Skills"
Zabbix (New),https://www.shl.com/solutions/products/product-catalog/view/zabbix-new/,Knowledge & Skills,False,False,"Multi-choice test that measures the knowledge of Zabbix architecture, data handling, monitoring and administration.","Mid-Professional, Professional Individual Contributor,","English (USA),",9,"multi-choice test that measures the knowledge of zabbix architecture, data handling, monitoring and administration.","Zabbix (New). multi-choice test that measures the knowledge of zabbix architecture, data handling, monitoring and administration.. Duration: 9 mins. Test Type: Knowledge & Skills"
360 Digital Report,https://www.shl.com/solutions/products/product-catalog/view/360-digital-report/,Development & 360,False,False,"Introducing the new 360 Digital Report from SHL! Our latest offering revolutionizes the reporting experience for our 360 products, catering to the modern user's needs for enhanced usability and actionable insights. With a sleek, interactive interface, this report provides a exploration of feedback data, focusing on user development and comprehensive evaluation. Users can now enjoy a visually engaging experience, with the capability to download the report in PDF format for offline access. Upgrade your reporting experience today with SHL's innovative 360 Digital Report!","Director, Manager, Entry-Level, Executive, Front Line Manager, General Population, Graduate,",,Unknown,"introducing the new 360 digital report from shl! our latest offering revolutionizes the reporting experience for our 360 products, catering to the modern user's needs for enhanced usability and actionable insights. with a sleek, interactive interface, this report provides a exploration of feedback data, focusing on user development and comprehensive evaluation. users can now enjoy a visually engaging experience, with the capability to download the report in pdf format for offline access. upgrade your reporting experience today with shl's innovative 360 digital report!","360 Digital Report. introducing the new 360 digital report from shl! our latest offering revolutionizes the reporting experience for our 360 products, catering to the modern user's needs for enhanced usability and actionable insights. with a sleek, interactive interface, this report provides a exploration of feedback data, focusing on user development and comprehensive evaluation. users can now enjoy a visually engaging experience, with the capability to download the report in pdf format for offline access. upgrade your reporting experience today with shl's innovative 360 digital report!. Duration: Unknown mins. Test Type: Development & 360"
360 Multi-Rater Feedback System (MFS),https://www.shl.com/solutions/products/product-catalog/view/360-multi-rater-feedback-system-mfs/,"Development & 360, Personality & Behavior",False,False,"SHL 360, or the Multi-Rater Feedback System (MFS), provides a holistic 360-degree view of an employee by gathering feedback from the employees manager, peers, direct reports, and/or other raters. By offering a wide range of perspectives, 360 feedback gives employees a more thorough understanding of not only their strengths, weaknesses, and development opportunities, but also their impact on others. 360-degree multi-rater assessments are based on SHLs Universal Competency Framework (UCF), using our proven library of research-driven competencies to provide opportunities for managers, peers, and direct reports to supply useful developmental feedback that they may not otherwise share. SHL can also offer support and training throughout the entire process, from defining objectives through interpreting and delivering the feedback. 360 feedback serves all levels and industries and is a positive and powerful addition to your performance management system.","Director, Executive, Front Line Manager, Manager, Mid-Professional, Professional Individual Contributor,","Latin American Spanish, Romanian, French (Canada), Czech, Hungarian, Indonesian, Turkish, Serbian, Portuguese (Brazil), Chinese Traditional, Slovak, Thai, English International, Dutch, French, German, Italian, Portuguese, Spanish, Danish, Finnish, Norwegian, Swedish, English (USA), Russian, Chinese Simplified, Icelandic, Polish, Japanese, Korean,",Untimed,"shl 360, or the multi-rater feedback system (mfs), provides a holistic 360-degree view of an employee by gathering feedback from the employees manager, peers, direct reports, and/or other raters. by offering a wide range of perspectives, 360 feedback gives employees a more thorough understanding of not only their strengths, weaknesses, and development opportunities, but also their impact on others. 360-degree multi-rater assessments are based on shls universal competency framework (ucf), using our proven library of research-driven competencies to provide opportunities for managers, peers, and direct reports to supply useful developmental feedback that they may not otherwise share. shl can also offer support and training throughout the entire process, from defining objectives through interpreting and delivering the feedback. 360 feedback serves all levels and industries and is a positive and powerful addition to your performance management system.","360 Multi-Rater Feedback System (MFS). shl 360, or the multi-rater feedback system (mfs), provides a holistic 360-degree view of an employee by gathering feedback from the employees manager, peers, direct reports, and/or other raters. by offering a wide range of perspectives, 360 feedback gives employees a more thorough understanding of not only their strengths, weaknesses, and development opportunities, but also their impact on others. 360-degree multi-rater assessments are based on shls universal competency framework (ucf), using our proven library of research-driven competencies to provide opportunities for managers, peers, and direct reports to supply useful developmental feedback that they may not otherwise share. shl can also offer support and training throughout the entire process, from defining objectives through interpreting and delivering the feedback. 360 feedback serves all levels and industries and is a positive and powerful addition to your performance management system.. Duration: Untimed mins. Test Type: Development & 360, Personality & Behavior"
